{
  "database": {
    "create": "CREATE DATABASE periodic_table;",
    "drop": "DROP DATABASE periodic_table;"
  },
  "alter_table": {
    "rename_columns": [
      "ALTER TABLE elements RENAME COLUMN weight TO atomic_mass;",
      "ALTER TABLE elements RENAME COLUMN melting_point TO melting_point_celsius;",
      "ALTER TABLE elements RENAME COLUMN boiling_point TO boiling_point_celsius;"
    ],
    "add_constraints": [
      "ALTER TABLE elements ALTER COLUMN melting_point_celsius SET NOT NULL;",
      "ALTER TABLE elements ALTER COLUMN boiling_point_celsius SET NOT NULL;",
      "ALTER TABLE elements ALTER COLUMN atomic_mass TYPE DECIMAL;",
      "UPDATE elements SET atomic_mass = TRIM(TRAILING '0' FROM atomic_mass::TEXT)::DECIMAL;",
      "ALTER TABLE elements ADD CONSTRAINT unique_symbol UNIQUE (symbol);",
      "ALTER TABLE elements ADD CONSTRAINT unique_name UNIQUE (name);",
      "ALTER TABLE properties DROP COLUMN IF EXISTS type;",
      "ALTER TABLE properties ADD COLUMN type_id INT NOT NULL;",
      "UPDATE properties SET type_id = CASE WHEN type = 'nonmetal' THEN 1 WHEN type = 'metal' THEN 2 WHEN type = 'metalloid' THEN 3 ELSE NULL END;",
      "ALTER TABLE properties ADD CONSTRAINT fk_type_id FOREIGN KEY (type_id) REFERENCES types (type_id);"
    ]
  },
  "table": {
    "create_types": "CREATE TABLE types (\n  type_id SERIAL PRIMARY KEY,\n  type VARCHAR NOT NULL\n);"
  },
  "row": {
    "insert_types": [
      "INSERT INTO types (type) VALUES ('nonmetal');",
      "INSERT INTO types (type) VALUES ('metal');",
      "INSERT INTO types (type) VALUES ('metalloid');"
    ]
  }
  
}
